{"config": {"pkg": "./apriori", "execdate": "22-11-2023_17:52:45", "command": "pascalanalyzer ./apriori -c 1,2,4,8 -i ./data1.csv,./data2.csv,./data4.csv,./data8.csv,./data16.csv", "hostname": "LAPTOP-4F481J6R", "kernel": "Linux-5.10.16.3-microsoft-standard-WSL2-x86_64-with-glibc2.14", "disable_hyperthread": false, "auto_instrumentation": false, "idle_time": 0, "data_descriptor": {"values": ["start_time", "stop_time"], "keys": ["cores", "input", "repetitions"]}, "disable_cores": false, "discard_ompnt": true, "arguments": ["./data1.csv", "./data2.csv", "./data16.csv", "./data8.csv", "./data4.csv"]}, "data": {"8;0;1": {"start_time": 1700686365.4939053, "stop_time": 1700686366.5224195}, "8;1;1": {"start_time": 1700686366.5253959, "stop_time": 1700686368.5019464}, "8;2;1": {"start_time": 1700686368.5047832, "stop_time": 1700686373.8795252}, "8;3;1": {"start_time": 1700686373.8824625, "stop_time": 1700686384.8795795}, "8;4;1": {"start_time": 1700686384.883132, "stop_time": 1700686400.1561866}, "4;0;1": {"start_time": 1700686400.159624, "stop_time": 1700686401.0740664}, "4;1;1": {"start_time": 1700686401.079812, "stop_time": 1700686403.0076509}, "4;2;1": {"start_time": 1700686403.0100615, "stop_time": 1700686406.516497}, "4;3;1": {"start_time": 1700686406.5209131, "stop_time": 1700686413.921337}, "4;4;1": {"start_time": 1700686413.930714, "stop_time": 1700686428.7943168}, "2;0;1": {"start_time": 1700686428.80003, "stop_time": 1700686429.7264533}, "2;1;1": {"start_time": 1700686429.729757, "stop_time": 1700686431.7406728}, "2;2;1": {"start_time": 1700686431.7467072, "stop_time": 1700686435.49347}, "2;3;1": {"start_time": 1700686435.4966598, "stop_time": 1700686442.9068003}, "2;4;1": {"start_time": 1700686442.909783, "stop_time": 1700686458.1489072}, "1;0;1": {"start_time": 1700686458.1521406, "stop_time": 1700686459.1180644}, "1;1;1": {"start_time": 1700686459.1201243, "stop_time": 1700686461.4250896}, "1;2;1": {"start_time": 1700686461.4290926, "stop_time": 1700686465.2650452}, "1;3;1": {"start_time": 1700686465.2712991, "stop_time": 1700686472.6593702}, "1;4;1": {"start_time": 1700686472.6636233, "stop_time": 1700686487.1631756}}}